Fecha publicación,Día semana,Tipo pieza,Nombre archivo,Nombre archivo original,Copy,CTA,Web,Contacto
2026-03-04,Miércoles,Post,20260304_POST_auto_01.png,2zAxpTku.png,"Préstamo con garantía de auto: préstamos claros y seguros. Auto desde 2017, ingreso mín. $1,500.  Solicita tu evaluación  WhatsApp y teléfono: 6824-3794. Visítanos en PH Colores de Bellavista, Calle 43, frente a Parque Urracá, Bellavista.",Solicita tu evaluación,,"WhatsApp y teléfono: 6824-3794. Visítanos en PH Colores de Bellavista, Calle 43, frente a Parque Urracá, Bellavista."
2026-03-04,Miércoles,Historia,20260304_HISTORIA_casa_01.png,1gI16akM.png,"Liquidez con tu casa. Proceso rápido y seguro.  Solicita información  WhatsApp y teléfono: 6824-3794. Visítanos en PH Colores de Bellavista, Calle 43, frente a Parque Urracá, Bellavista.",Solicita información,,"WhatsApp y teléfono: 6824-3794. Visítanos en PH Colores de Bellavista, Calle 43, frente a Parque Urracá, Bellavista."
2026-03-05,Jueves,Post,20260305_POST_auto_02.png,752pfrql.png,"Préstamos con garantía de auto. Visítanos en Bellavista. Auto desde 2017, ingreso mín. $1,500.  Solicita tu evaluación  WhatsApp y teléfono: 6824-3794. Visítanos en PH Colores de Bellavista, Calle 43, frente a Parque Urracá, Bellavista.",Solicita tu evaluación,,"WhatsApp y teléfono: 6824-3794. Visítanos en PH Colores de Bellavista, Calle 43, frente a Parque Urracá, Bellavista."
2026-03-05,Jueves,Historia,20260305_HISTORIA_auto_02.png,31slH0Ow.png,"Préstamo con tu auto. Seguro, rápido y fácil. Auto desde 2017, sujeto a evaluación.  Solicita tu préstamo  WhatsApp y teléfono: 6824-3794. Visítanos en PH Colores de Bellavista, Calle 43, frente a Parque Urracá, Bellavista.",Solicita tu préstamo,,"WhatsApp y teléfono: 6824-3794. Visítanos en PH Colores de Bellavista, Calle 43, frente a Parque Urracá, Bellavista."
2026-03-06,Viernes,Post,20260306_POST_auto_03.png,Ebg5vwDo.png,"Cuando surgen gastos inesperados, tenemos la solución: préstamo con garantía de auto. Auto desde 2017, ingreso mín. $1,500.  Solicita tu evaluación  WhatsApp y teléfono: 6824-3794. Visítanos en PH Colores de Bellavista, Calle 43, frente a Parque Urracá, Bellavista.",Solicita tu evaluación,,"WhatsApp y teléfono: 6824-3794. Visítanos en PH Colores de Bellavista, Calle 43, frente a Parque Urracá, Bellavista."
2026-03-06,Viernes,Historia,20260306_HISTORIA_ubicacion_03.png,5JnyEdKB.png,"Estamos en Bellavista. PH Colores de Bellavista. Te esperamos hoy.  Contáctanos  WhatsApp y teléfono: 6824-3794. Visítanos en PH Colores de Bellavista, Calle 43, frente a Parque Urracá, Bellavista.",Contáctanos,,"WhatsApp y teléfono: 6824-3794. Visítanos en PH Colores de Bellavista, Calle 43, frente a Parque Urracá, Bellavista."
2026-03-09,Lunes,Post,20260309_POST_auto_04.png,KN9XlpYQ.png,"Préstamo con garantía de auto: fácil, rápido y seguro. Auto desde 2017, ingreso mín. $1,500.  Solicita tu evaluación  WhatsApp y teléfono: 6824-3794. Visítanos en PH Colores de Bellavista, Calle 43, frente a Parque Urracá, Bellavista.",Solicita tu evaluación,,"WhatsApp y teléfono: 6824-3794. Visítanos en PH Colores de Bellavista, Calle 43, frente a Parque Urracá, Bellavista."
2026-03-09,Lunes,Historia,20260309_HISTORIA_auto_04.png,5u7QB3c3.png,"Préstamo con tu auto. Respuesta en 48 horas. Auto desde 2017, sujeto a evaluación.  Solicita tu préstamo  WhatsApp y teléfono: 6824-3794. Visítanos en PH Colores de Bellavista, Calle 43, frente a Parque Urracá, Bellavista.",Solicita tu préstamo,,"WhatsApp y teléfono: 6824-3794. Visítanos en PH Colores de Bellavista, Calle 43, frente a Parque Urracá, Bellavista."
2026-03-10,Martes,Post,20260310_POST_auto_05.png,KrvHUnc4.png,"Convierte tu auto en liquidez. Préstamo con garantía de auto. Auto desde 2017, ingreso mín. $1,500.  Solicita tu evaluación  WhatsApp y teléfono: 6824-3794. Visítanos en PH Colores de Bellavista, Calle 43, frente a Parque Urracá, Bellavista.",Solicita tu evaluación,,"WhatsApp y teléfono: 6824-3794. Visítanos en PH Colores de Bellavista, Calle 43, frente a Parque Urracá, Bellavista."
2026-03-10,Martes,Historia,20260310_HISTORIA_auto_05.png,7GoXjP50.png,"Préstamo con tu auto. Rápido, seguro y transparente. Auto desde 2017, sujeto a evaluación.  Solicita tu préstamo  WhatsApp y teléfono: 6824-3794. Visítanos en PH Colores de Bellavista, Calle 43, frente a Parque Urracá, Bellavista.",Solicita tu préstamo,,"WhatsApp y teléfono: 6824-3794. Visítanos en PH Colores de Bellavista, Calle 43, frente a Parque Urracá, Bellavista."
2026-03-11,Miércoles,Post,20260311_POST_auto_06.png,RgVLdABn.png,"Cuando el banco tarda... Préstamo con garantía de auto. Auto desde 2017, ingreso mín. $1,500.  Solicita tu evaluación  WhatsApp y teléfono: 6824-3794. Visítanos en PH Colores de Bellavista, Calle 43, frente a Parque Urracá, Bellavista.",Solicita tu evaluación,,"WhatsApp y teléfono: 6824-3794. Visítanos en PH Colores de Bellavista, Calle 43, frente a Parque Urracá, Bellavista."
2026-03-11,Miércoles,Historia,20260311_HISTORIA_auto_06.png,ACYQ3x6Q.png,"Préstamo con tu auto. Liquidez inmediata. Auto desde 2017, sujeto a evaluación.  Solicita tu préstamo  WhatsApp y teléfono: 6824-3794. Visítanos en PH Colores de Bellavista, Calle 43, frente a Parque Urracá, Bellavista.",Solicita tu préstamo,,"WhatsApp y teléfono: 6824-3794. Visítanos en PH Colores de Bellavista, Calle 43, frente a Parque Urracá, Bellavista."
2026-03-12,Jueves,Post,20260312_POST_casa_07.png,id6Ms121.png,"Con tu casa obtén liquidez inmediata. Préstamos claros y seguros, sin trámites complicados.  Solicítalo hoy  WhatsApp y teléfono: 6824-3794. Visítanos en PH Colores de Bellavista, Calle 43, frente a Parque Urracá, Bellavista.",Solicítalo hoy,,"WhatsApp y teléfono: 6824-3794. Visítanos en PH Colores de Bellavista, Calle 43, frente a Parque Urracá, Bellavista."
2026-03-12,Jueves,Historia,20260312_HISTORIA_ubicacion_07.png,BNEz6nHq.png,"Estamos para ayudarte. Atención directa y personalizada. PH Colores de Bellavista.  Escríbenos  WhatsApp y teléfono: 6824-3794. Visítanos en PH Colores de Bellavista, Calle 43, frente a Parque Urracá, Bellavista.",Escríbenos,,"WhatsApp y teléfono: 6824-3794. Visítanos en PH Colores de Bellavista, Calle 43, frente a Parque Urracá, Bellavista."
2026-03-13,Viernes,Post,20260313_POST_ubicacion_08.png,j4uQv1x2.png,"Nuestra oficina en Bellavista. PH Colores de Bellavista. Atención personalizada.  Visítanos hoy  WhatsApp y teléfono: 6824-3794. Visítanos en PH Colores de Bellavista, Calle 43, frente a Parque Urracá, Bellavista.",Visítanos hoy,,"WhatsApp y teléfono: 6824-3794. Visítanos en PH Colores de Bellavista, Calle 43, frente a Parque Urracá, Bellavista."
2026-03-13,Viernes,Historia,20260313_HISTORIA_auto_08.png,ClSNK6mz.png,"¿Una emergencia financiera? Préstamo con garantía de auto. Auto desde 2017, sujeto a evaluación.  Solicita tu préstamo  WhatsApp y teléfono: 6824-3794. Visítanos en PH Colores de Bellavista, Calle 43, frente a Parque Urracá, Bellavista.",Solicita tu préstamo,,"WhatsApp y teléfono: 6824-3794. Visítanos en PH Colores de Bellavista, Calle 43, frente a Parque Urracá, Bellavista."
2026-03-16,Lunes,Post,20260316_POST_ubicacion_09.png,jwMhnBCF.png,"Tu aliado financiero. Asesoría profesional y personalizada. Bellavista, Panamá.  Visítanos  WhatsApp y teléfono: 6824-3794. Visítanos en PH Colores de Bellavista, Calle 43, frente a Parque Urracá, Bellavista.",Visítanos,,"WhatsApp y teléfono: 6824-3794. Visítanos en PH Colores de Bellavista, Calle 43, frente a Parque Urracá, Bellavista."
2026-03-16,Lunes,Historia,20260316_HISTORIA_ubicacion_09.png,DxZG6F9J.png,"¡Visítanos! Calle 43, Bellavista. PH Colores de Bellavista.  Te esperamos  WhatsApp y teléfono: 6824-3794. Visítanos en PH Colores de Bellavista, Calle 43, frente a Parque Urracá, Bellavista.",Te esperamos,,"WhatsApp y teléfono: 6824-3794. Visítanos en PH Colores de Bellavista, Calle 43, frente a Parque Urracá, Bellavista."
2026-03-17,Martes,Post,20260317_POST_auto_10.png,lzhFBJfU.png,"¿Necesitas dinero urgente? Préstamo con garantía de auto. Auto desde 2017, ingreso mín. $1,500.  Solicita tu evaluación  WhatsApp y teléfono: 6824-3794. Visítanos en PH Colores de Bellavista, Calle 43, frente a Parque Urracá, Bellavista.",Solicita tu evaluación,,"WhatsApp y teléfono: 6824-3794. Visítanos en PH Colores de Bellavista, Calle 43, frente a Parque Urracá, Bellavista."
2026-03-17,Martes,Historia,20260317_HISTORIA_auto_10.png,GExYxCH7.png,"¿Necesitas liquidez rápida? Préstamo con garantía de auto. Auto desde 2017, sujeto a evaluación.  Solicita tu préstamo  WhatsApp y teléfono: 6824-3794. Visítanos en PH Colores de Bellavista, Calle 43, frente a Parque Urracá, Bellavista.",Solicita tu préstamo,,"WhatsApp y teléfono: 6824-3794. Visítanos en PH Colores de Bellavista, Calle 43, frente a Parque Urracá, Bellavista."
2026-03-18,Miércoles,Post,20260318_POST_auto_11.png,nBAjmOx6.png,"Préstamo con garantía de auto. Respuesta en 48h. Sigue manejando tu auto. Auto desde 2017, ingreso mín. $1,500.  Solicita tu evaluación  WhatsApp y teléfono: 6824-3794. Visítanos en PH Colores de Bellavista, Calle 43, frente a Parque Urracá, Bellavista.",Solicita tu evaluación,,"WhatsApp y teléfono: 6824-3794. Visítanos en PH Colores de Bellavista, Calle 43, frente a Parque Urracá, Bellavista."
2026-03-18,Miércoles,Historia,20260318_HISTORIA_auto_11.png,LMN6f84I.png,"Préstamo con tu auto. Aprobación rápida, sin trámites complicados. Auto desde 2017, sujeto a evaluación.  Solicita tu préstamo  WhatsApp y teléfono: 6824-3794. Visítanos en PH Colores de Bellavista, Calle 43, frente a Parque Urracá, Bellavista.",Solicita tu préstamo,,"WhatsApp y teléfono: 6824-3794. Visítanos en PH Colores de Bellavista, Calle 43, frente a Parque Urracá, Bellavista."
2026-03-19,Jueves,Post,20260319_POST_auto_12.png,o5I9XwNl.png,"Préstamo con garantía de auto. Proceso transparente. Auto desde 2017, ingreso mín. $1,500.  Solicita tu evaluación  WhatsApp y teléfono: 6824-3794. Visítanos en PH Colores de Bellavista, Calle 43, frente a Parque Urracá, Bellavista.",Solicita tu evaluación,,"WhatsApp y teléfono: 6824-3794. Visítanos en PH Colores de Bellavista, Calle 43, frente a Parque Urracá, Bellavista."
2026-03-19,Jueves,Historia,20260319_HISTORIA_ubicacion_12.png,O8kVmJbt.png,"Estamos en Bellavista. PH Colores de Bellavista. Calle 43, frente a Parque Urracá.  Te esperamos  WhatsApp y teléfono: 6824-3794. Visítanos en PH Colores de Bellavista, Calle 43, frente a Parque Urracá, Bellavista.",Te esperamos,,"WhatsApp y teléfono: 6824-3794. Visítanos en PH Colores de Bellavista, Calle 43, frente a Parque Urracá, Bellavista."
2026-03-20,Viernes,Post,20260320_POST_casa_13.png,otvyPSPc.png,"Convierte tu casa en liquidez. Proceso seguro y confiable.  Solicítalo  WhatsApp y teléfono: 6824-3794. Visítanos en PH Colores de Bellavista, Calle 43, frente a Parque Urracá, Bellavista.",Solicítalo,,"WhatsApp y teléfono: 6824-3794. Visítanos en PH Colores de Bellavista, Calle 43, frente a Parque Urracá, Bellavista."
2026-03-20,Viernes,Historia,20260320_HISTORIA_casa_13.png,SAg8ZGqv.png,"¿Propiedad a tu nombre? Podemos ayudarte.  Escríbenos  WhatsApp y teléfono: 6824-3794. Visítanos en PH Colores de Bellavista, Calle 43, frente a Parque Urracá, Bellavista.",Escríbenos,,"WhatsApp y teléfono: 6824-3794. Visítanos en PH Colores de Bellavista, Calle 43, frente a Parque Urracá, Bellavista."
2026-03-23,Lunes,Post,20260323_POST_ubicacion_14.png,rausefpH.png,"Atención personalizada. Te asesoramos paso a paso. Bellavista, Panamá.  Visítanos hoy  WhatsApp y teléfono: 6824-3794. Visítanos en PH Colores de Bellavista, Calle 43, frente a Parque Urracá, Bellavista.",Visítanos hoy,,"WhatsApp y teléfono: 6824-3794. Visítanos en PH Colores de Bellavista, Calle 43, frente a Parque Urracá, Bellavista."
2026-03-23,Lunes,Historia,20260323_HISTORIA_auto_14.png,UF0hTKeX.png,"Préstamo con tu auto. Tu auto puede ayudarte. Auto desde 2017, sujeto a evaluación.  Solicita tu préstamo  WhatsApp y teléfono: 6824-3794. Visítanos en PH Colores de Bellavista, Calle 43, frente a Parque Urracá, Bellavista.",Solicita tu préstamo,,"WhatsApp y teléfono: 6824-3794. Visítanos en PH Colores de Bellavista, Calle 43, frente a Parque Urracá, Bellavista."
2026-03-24,Martes,Post,20260324_POST_auto_15.png,sU07KNUT.png,"Préstamo con garantía de auto. Dinero rápido y seguro. Auto desde 2017, ingreso mín. $1,500.  Solicita tu evaluación  WhatsApp y teléfono: 6824-3794. Visítanos en PH Colores de Bellavista, Calle 43, frente a Parque Urracá, Bellavista.",Solicita tu evaluación,,"WhatsApp y teléfono: 6824-3794. Visítanos en PH Colores de Bellavista, Calle 43, frente a Parque Urracá, Bellavista."
2026-03-24,Martes,Historia,20260324_HISTORIA_auto_15.png,gc9ey7qu.png,"Préstamo con tu auto. Liquidez inmediata. Auto desde 2017, sujeto a evaluación.  Solicita tu préstamo  WhatsApp y teléfono: 6824-3794. Visítanos en PH Colores de Bellavista, Calle 43, frente a Parque Urracá, Bellavista.",Solicita tu préstamo,,"WhatsApp y teléfono: 6824-3794. Visítanos en PH Colores de Bellavista, Calle 43, frente a Parque Urracá, Bellavista."
2026-03-25,Miércoles,Post,20260325_POST_casa_16.png,snxI2cVl.png,"Tu propiedad puede ayudarte. Obtén liquidez sin venderla.  Contáctanos  WhatsApp y teléfono: 6824-3794. Visítanos en PH Colores de Bellavista, Calle 43, frente a Parque Urracá, Bellavista.",Contáctanos,,"WhatsApp y teléfono: 6824-3794. Visítanos en PH Colores de Bellavista, Calle 43, frente a Parque Urracá, Bellavista."
2026-03-25,Miércoles,Historia,20260325_HISTORIA_auto_16.png,j716wwo2.png,"Préstamo con tu auto. Tu auto puede ayudarte. Auto desde 2017, sujeto a evaluación.  Solicita tu préstamo  WhatsApp y teléfono: 6824-3794. Visítanos en PH Colores de Bellavista, Calle 43, frente a Parque Urracá, Bellavista.",Solicita tu préstamo,,"WhatsApp y teléfono: 6824-3794. Visítanos en PH Colores de Bellavista, Calle 43, frente a Parque Urracá, Bellavista."
2026-03-26,Jueves,Post,20260326_POST_auto_17.png,xNCstICM.png,"Préstamos con garantía de auto. Tu carro sigue contigo. Aprobación rápida. Auto desde 2017, ingreso mín. $1,500.  Solicita tu evaluación  WhatsApp y teléfono: 6824-3794. Visítanos en PH Colores de Bellavista, Calle 43, frente a Parque Urracá, Bellavista.",Solicita tu evaluación,,"WhatsApp y teléfono: 6824-3794. Visítanos en PH Colores de Bellavista, Calle 43, frente a Parque Urracá, Bellavista."
2026-03-26,Jueves,Historia,20260326_HISTORIA_auto_17.png,pSRLFccx.png,"Préstamo con tu auto: 1. Aplica (formulario en línea). 2. Evaluamos (rápido y sin complicaciones). 3. Recibe tu dinero.  Solicita tu préstamo  WhatsApp y teléfono: 6824-3794. Visítanos en PH Colores de Bellavista, Calle 43, frente a Parque Urracá, Bellavista.",Solicita tu préstamo,,"WhatsApp y teléfono: 6824-3794. Visítanos en PH Colores de Bellavista, Calle 43, frente a Parque Urracá, Bellavista."
2026-03-27,Viernes,Post,20260327_POST_auto_18.png,yFJKBmew.png,"Préstamo con garantía de auto. Tu auto sigue contigo. Auto desde 2017, ingreso mín. $1,500.  Solicita tu evaluación  WhatsApp y teléfono: 6824-3794. Visítanos en PH Colores de Bellavista, Calle 43, frente a Parque Urracá, Bellavista.",Solicita tu evaluación,,"WhatsApp y teléfono: 6824-3794. Visítanos en PH Colores de Bellavista, Calle 43, frente a Parque Urracá, Bellavista."
2026-03-27,Viernes,Historia,20260327_HISTORIA_auto_18.png,xc4MRc6i.png,"¿Necesitas liquidez? Préstamo con garantía de auto. Auto desde 2017, sujeto a evaluación.  Solicita tu préstamo  WhatsApp y teléfono: 6824-3794. Visítanos en PH Colores de Bellavista, Calle 43, frente a Parque Urracá, Bellavista.",Solicita tu préstamo,,"WhatsApp y teléfono: 6824-3794. Visítanos en PH Colores de Bellavista, Calle 43, frente a Parque Urracá, Bellavista."
2026-03-30,Lunes,Post,20260330_POST_casa_19.png,zVB6TP29.png,"Liquidez con tu propiedad. Proceso confiable y seguro.  Solicita información  WhatsApp y teléfono: 6824-3794. Visítanos en PH Colores de Bellavista, Calle 43, frente a Parque Urracá, Bellavista.",Solicita información,,"WhatsApp y teléfono: 6824-3794. Visítanos en PH Colores de Bellavista, Calle 43, frente a Parque Urracá, Bellavista."
2026-03-30,Lunes,Historia,20260330_HISTORIA_casa_19.png,xgDXZbkA.png,"¿Tienes propiedad? Convierte tu casa en liquidez.  Contáctanos  WhatsApp y teléfono: 6824-3794. Visítanos en PH Colores de Bellavista, Calle 43, frente a Parque Urracá, Bellavista.",Contáctanos,,"WhatsApp y teléfono: 6824-3794. Visítanos en PH Colores de Bellavista, Calle 43, frente a Parque Urracá, Bellavista."
2026-03-31,Martes,Post,20260331_POST_auto_20.png,zf3FxKbi.png,"¿Necesitas dinero hoy? Préstamo con garantía de auto. Auto desde 2017, ingreso mín. $1,500.  Solicita tu evaluación  WhatsApp y teléfono: 6824-3794. Visítanos en PH Colores de Bellavista, Calle 43, frente a Parque Urracá, Bellavista.",Solicita tu evaluación,,"WhatsApp y teléfono: 6824-3794. Visítanos en PH Colores de Bellavista, Calle 43, frente a Parque Urracá, Bellavista."
2026-03-31,Martes,Historia,20260331_HISTORIA_casa_20.png,mtrCzMyM.png,"Tu casa puede ayudarte. Liquidez inmediata.  Escríbenos  WhatsApp y teléfono: 6824-3794. Visítanos en PH Colores de Bellavista, Calle 43, frente a Parque Urracá, Bellavista.",Escríbenos,,"WhatsApp y teléfono: 6824-3794. Visítanos en PH Colores de Bellavista, Calle 43, frente a Parque Urracá, Bellavista."
